<?xml version="1.0" encoding="UTF-8" ?>
<!DOCTYPE mapper PUBLIC "-//mybatis.org//DTD Mapper 3.0//EN" "http://mybatis.org/dtd/mybatis-3-mapper.dtd" >
<mapper namespace="board"> <!-- mapper파일의 이름 -->

	<!-- 컬럼명과 필드명을 매핑 -->
	<resultMap id="boardVoMap" type="chap07.BoardVo2">
		<result column="boardno" property="num"/>
		<result column="title" property="subject"/>
		<result column="content" property="article"/>
		<result column="writer" property="author"/>
	</resultMap>
	<!-- 코드의 중복을 줄이기 위해 -->
	<sql id="boardWhere">
		<where>
			<if test="searchType == ''">
				(title LIKE '%${searchWord}%' OR content LIKE '%${searchWord}%')
			</if>
			<if test="searchType != null and searchType != ''">
				${searchType} LIKE '%${searchWord}%'
			</if>
			<if test="userno > 0">
				AND userno = ${userno}
			</if>
		</where>
	</sql>
	
	<select id="count" resultType="int" parameterType="chap07.BoardVo">
		SELECT COUNT(*) FROM board
		<include refid="boardWhere"/>
	</select>
	
	<!--
	Map으로도 가능 
	<select id="selectList" resultType="chap07.BoardVo" parameterType="java.util.Map">
	 -->
	<select id="selectList" resultType="chap07.BoardVo" parameterType="chap07.BoardVo">
		SELECT * FROM board 
		<include refid="boardWhere"/>
		ORDER BY
		<choose>
			<when test="orderCond == 'title_asc'">title ASC</when>
			<when test="orderCond == 'title_desc'">title DESC</when>
			<when test="orderCond == 'regdate_asc'">regdate ASC</when>
			<when test="orderCond == 'regdate_desc'">regdate DESC</when>
			<otherwise>boardno DESC</otherwise>
		</choose>
		LIMIT ${startIdx}, 10
	</select>
	
	<insert id="insert" parameterType="chap07.BoardVo">
		INSERT INTO board (title, content, writer, regdate, filename, userno)
		 values(#{title}, #{content}, #{writer}, NOW(), #{filename}, #{userno})
	</insert>
	
	<select id="selectOne" parameterType="int" resultType="chap07.BoardVo">
		SELECT * FROM board WHERE boardno = #{xxx}
	</select>
	<!-- 
	<select id="selectOne2" parameterType="int" resultMap="boardVoMap">
		SELECT * FROM board WHERE boardno = #{xxx}
	</select>
	 -->
	 <select id="selectOne2" parameterType="int" resultType="chap07.BoardVo2">
		SELECT boardno as num, title as subject, content as article, writer as author, regdate FROM board WHERE boardno = #{xxx}
	</select>
	<update id="update" parameterType="chap07.BoardVo">
		UPDATE board SET title=#{title}, content=#{content}, writer=#{writer} WHERE boardno=#{boardno}
	</update>
	
	<delete id="delete" parameterType="int">
		DELETE FROM board WHERE boardno=#{boardno}
	</delete>

</mapper>