<?xml version="1.0" encoding="UTF-8" ?>
<!DOCTYPE mapper PUBLIC "-//mybatis.org//DTD Mapper 3.0//EN" "http://mybatis.org/dtd/mybatis-3-mapper.dtd" >
<mapper namespace="user"> <!-- mapper파일의 이름 -->

	
	<insert id="insert" parameterType="chap07.user.UserVo" useGeneratedKeys="true">
		INSERT INTO user (
			id, pwd, name, regdate
		) VALUES (
			#{id}, md5(#{pwd}), #{name}, NOW()
		)
		<selectKey keyProperty="userno" resultType="int" order="AFTER">
			SELECT last_insert_id()
		</selectKey>
	</insert>
	
	<select id="idcheck" parameterType="String" resultType="int">
		SELECT COUNT(*) FROM user WHERE id = #{id}
	</select>
	
	<select id="login" parameterType="chap07.user.UserVo" resultType="chap07.user.UserVo">
		SELECT * FROM user WHERE id = #{id} AND pwd = md5(#{pwd})
	</select>
	
	<insert id="insertSchool" parameterType="chap07.user.SchoolVo">
		INSERT INTO school(userno, school, year)VALUES(#{userno}, #{school}, #{year})
	</insert>

</mapper>